type,size,cores,blockSize,time,energy,L1_DCM,L2_DCM,FP_INS,TOT_INS,seq_time,speedup,time_s,edp,power_efficiency,instantaneous_power,gflops,joules_per_gflop,cache_miss_rate
Parallel,1024,1,64,117.054505,2.03705,187721621,3308548,2147483650,1431421562,113.591071,0.9704117838096021,0.117054505,0.23844587941024997,0.0574627549642866,17.402576688526423,18.34601451691244,0.11103501515940298,0.1311434911862813
Parallel,2048,1,64,994.937664,15.554372,1516485456,26570333,17179869186,11451153833,920.639072,0.9253233698066133,0.994937664,15.475630542667009,0.0639651452337645,15.633514101241222,17.267281967124326,0.9008002550496608,0.13243079938632765
Parallel,3072,1,64,3377.861558,50.610663,5092297630,90361219,57982058498,38647616841,3113.594459,0.9217649703925491,3.377861558,170.95581297259298,0.06674209262976856,14.983048337234429,17.165315244693044,2.9484260719095836,0.13176226754032985
Parallel,4096,1,64,8093.431016,124.158359,12162142311,215039632,137438953474,91609145830,7472.435349,0.9232716426726383,8.093431016,1004.8671136262628,0.06518635620820343,15.340633503213885,16.981543822427756,7.311370526631529,0.13276122379275765
Parallel,5120,1,64,15685.688488,239.448234,23556327797,403196416,268435456002,178924094930,14639.75145,0.933319022700204,15.685688488,3755.9104075257305,0.06550763906657169,15.265395215720671,17.113399657615336,13.991856603047736,0.1316554252026027
Parallel,6144,1,64,27744.16399,402.487432,40926442008,558740707,463856467970,309180819122,25542.947952,0.9206602138455713,27.74416399,11166.677317321974,0.06893175235841899,14.50710254398262,16.719064525973486,24.07356173395501,0.13237057241850048
Parallel,7168,1,64,44126.823528,668.768393,64829634058,859741140,736586891266,490967671973,41376.450127,0.9376711673058724,44.126823528,29510.62485901515,0.0659822204366647,15.1555978774598,16.692497496372248,40.06401038222964,0.13204460855330044
Parallel,8192,1,64,66654.993278,1012.406445,97229102820,1309546516,1099511627778,732873008967,62302.208832,0.9346967986652447,66.65499327799999,67481.94478607886,0.06583817557384278,15.188756238824087,16.495562803378192,61.374471248272,0.1326684181711733
Parallel,1024,2,64,64.252038,1.563548,94076775,1649668,1073741826,715891069,113.591071,1.7678983349913353,0.064252038,0.100461145510824,0.04109374192541578,24.334605542006308,33.42280984145592,0.04678086634298041,0.13141213666963625
Parallel,2048,2,64,557.219284,10.290239,753867486,12947946,8589934594,5725580992,920.639072,1.652202460387211,0.557219284,5.733919607768875,0.05415027619863834,18.467126489470168,30.83143329260658,0.3337580482340927,0.13166654826005122
Parallel,3072,2,64,1909.221265,33.622132,2545448507,43852324,28991029250,19323812648,3113.594459,1.6308190758602303,1.909221265,64.19208938903698,0.05678465794495126,17.610390485567947,30.369480771522834,1.107102628884164,0.13172599804021864
Parallel,4096,2,64,4740.605796,82.942488,6081088993,84823369,68719476738,45806677594,7472.435349,1.5762616995711913,4.740605796,393.1976393474604,0.057155336309660736,17.49617908959752,28.99185449842031,2.8608893578891035,0.13275551322230217
Parallel,5120,2,64,8964.194737,155.29861,11778722152,204382383,134217728002,89462052601,14639.75145,1.6331362581374944,8.964194737,1392.1269824254155,0.05772231146820953,17.324323551227646,29.94529501819322,5.18607714185646,0.13166165775932956
Parallel,6144,2,64,15990.572808,277.977323,20414549383,309811321,231928233986,154592515695,25542.947952,1.5973754197986576,15.990572808000001,4445.016622404433,0.05752473847659868,17.383825228632798,29.00812081828207,9.582741493023832,0.13205393088547993
Parallel,7168,2,64,25820.849982,448.897867,32343763260,453297705,368293445634,245485943472,41376.450127,1.602443380285466,25.820849982,11590.924481046788,0.05752054505084115,17.38509256329407,28.526825870468357,15.735990714084656,0.13175403366298696
Parallel,8192,2,64,38782.616288,674.313684,48474870998,715249949,549755813890,366438613496,62302.208832,1.6064467742285184,38.782616288,26151.648864319683,0.05751420623402328,17.387008627590813,28.35063059209359,23.784786084724768,0.13228647094673374
Parallel,1024,3,64,42.775537,1.579569,62464657,1108511,716177410,477879437,113.591071,2.6555147864070063,0.042775537,0.067566912203553,0.02708051183582357,36.92692390980387,50.203546199782366,0.03146329531611549,0.13071216747080916
Parallel,2048,3,64,395.239472,9.416795,502859871,6903949,5726797826,3817173287,920.639072,2.3293196586397626,0.395239472,3.72188908373224,0.04197176130519991,23.825542910349807,43.46698748752503,0.21664245774342214,0.13173619146727514
Parallel,3072,3,64,1399.571937,26.512957,1699277019,32093370,19327352834,12882556082,3113.594459,2.2246762575663164,1.399571937,37.106790584087705,0.052788224904524984,18.94361861586826,41.42842319365539,0.6399702174535178,0.1319052685029095
Parallel,4096,3,64,3511.725714,66.797678,4059158937,58473372,45813334018,30536621257,7472.435349,2.1278527873660695,3.511725714,234.57512346809213,0.052572571669332574,19.021325536246025,39.137154967450854,1.706758655695682,0.1329275725312769
Parallel,5120,3,64,6826.925783,129.045176,7855236916,115362020,89478660098,59643588573,14639.75145,2.1444134468921616,6.826925783,880.9818392061728,0.05290337844941992,18.902384484879054,39.3201075465683,3.281913098715889,0.13170295590758568
Parallel,6144,3,64,11896.017988,223.70268,13592605272,209617908,154618822658,103060281254,25542.947952,2.1471847115367693,11.896017987999999,2661.1711052438072,0.05317780720374025,18.8048370661223,38.99258293286973,5.73705723432403,0.13188985229430897
Parallel,7168,3,64,18965.073768,356.427307,21664266830,336287317,245529313282,163656133488,41376.450127,2.181718385763149,18.965073768,6759.670170184582,0.05320881255599196,18.793879283580964,38.839126083804224,9.17701665662938,0.13237674854140752
Parallel,8192,3,64,28610.284932,539.353836,32315949222,505910503,366504050690,244293231001,62302.208832,2.1776158112398347,28.610284932,15431.066927127198,0.05304548335872038,18.851746401055383,38.43064235079391,14.034473612925648,0.13228344104985748
Parallel,1024,4,64,31.639643,1.433016,47029523,826696,536870914,357999295,113.591071,3.590150211239741,0.031639643,0.04534011465328801,0.022079057735573084,45.29178790038813,67.8731946501419,0.02111313615613059,0.1313676413804111
Parallel,2048,4,64,303.2443,8.223589,378962024,6899174,4294967298,2862794838,920.639072,3.03596496949819,0.3032443,2.4937564897927005,0.0368749338032336,27.11869275036662,56.6535601295721,0.14515573215861224,0.13237484536780486
Parallel,3072,4,64,1056.139352,25.550895,1276619285,25193972,14495514626,9661910725,3113.594459,2.9480905650412694,1.056139352,26.98530568832004,0.04133473023156332,24.192730771384042,54.90000764217334,0.46540785871170254,0.13212907067095675
Parallel,4096,4,64,2554.699741,59.977855,3036122403,60066539,34359738370,22902293295,7472.435349,2.924975968438085,2.554699741,153.22541063423554,0.042594049770536144,23.477457658692423,53.79847630085934,1.1148615931905483,0.13256848839949328
Parallel,5120,4,64,5092.93967,117.654088,5905866003,110797736,67108864002,44731031212,14639.75145,2.874518921996184,5.09293967,599.205172112871,0.04328740085937345,23.10141011350327,52.70737008357297,2.23221321446028,0.13203062489235956
Parallel,6144,4,64,8943.737803,204.807722,10225268195,186408268,115964116994,77295213126,25542.947952,2.855958941845558,8.943737803,1831.7465655977148,0.04366894820010741,22.899566882573563,51.86382675623703,3.9489512211007507,0.1322885050893339
Parallel,7168,4,64,14329.084788,325.792401,16117878973,270748809,184146722818,122741927654,41376.450127,2.8875849880971476,14.329084788,4668.306937215096,0.04398225601339302,22.736441707207796,51.40502008061675,6.3377545712280785,0.13131518529214445
Parallel,8192,4,64,21890.799154,492.262278,24230303424,420273643,274877906946,183218263807,62302.208832,2.8460454272915756,21.890799154,10776.014658788512,0.04446978802222989,22.48717712574012,50.22711231513408,9.80072823839556,0.13224829730688814
Parallel,1024,5,64,26.38997,1.475509,37812994,656609,429916162,286795090,113.591071,4.304327401660554,0.026389970000000002,0.038938638244730005,0.017885333129110025,55.91173464767106,81.37499390867059,0.018132216411051342,0.13184672722256158
Parallel,2048,5,64,269.910473,7.537711,302509292,4229981,3436183554,2290856329,920.639072,3.41090533378451,0.26991047300000004,2.0345071413473033,0.035808015589878686,27.926708127401927,63.65025037024034,0.11842390180957174,0.13205074808512796
Parallel,3072,5,64,960.270163,23.441689,1021134695,14708960,11596726274,7729785115,3113.594459,3.2424150816815493,0.960270163,22.51035451702531,0.04096420539492696,24.411556146621624,60.38098519572559,0.3882296541537625,0.13210389160992866
Parallel,4096,5,64,2348.93433,54.672801,2436529995,37104056,27487895554,18321969296,7472.435349,3.181202323778886,2.34893433,128.42281918615834,0.04296348983473519,23.275576631382453,58.51119450921389,0.93439898909243,0.1329840671402029
Parallel,5120,5,64,4483.921668,101.043938,4715393324,85705777,53687091202,35784837979,14639.75145,3.2649436216689947,4.483921668,453.07310301824856,0.04437595917926318,22.534724172616837,59.86622333653131,1.6878288351679167,0.13177070486576423
Parallel,6144,5,64,8108.525066,180.847153,8175492748,126759834,92771713026,61838552705,25542.947952,3.1501349190008163,8.108525066,1466.4036732152372,0.044836343461818286,22.303335258629634,57.20602257406896,3.1613306582509475,0.1322070519179367
Parallel,7168,5,64,12893.797269,284.450866,12903872860,200878619,147317587970,98195784832,41376.450127,3.209019752969097,12.893797269,3667.651799195485,0.04532873269227452,22.061062390355165,57.12722760384515,4.9792520647519405,0.1314096412801916
Parallel,8192,5,64,19555.364247,425.507337,19435083002,324216774,219902640130,146576924323,62302.208832,3.185939573667507,19.555364247,8320.950964805981,0.04595776041107371,21.75911078032092,56.22557646527483,7.567860816203375,0.1325930605500525
Parallel,1024,6,64,24.485982,1.45337,32774137,539457,358088706,239180436,113.591071,4.639024524317628,0.024485982,0.03558719165934,0.016847727694943474,59.3551853464566,87.70257398702654,0.016571577479755507,0.13702683023790457
Parallel,2048,6,64,226.753427,7.231422,252668517,4357200,2863661058,1909756179,920.639072,4.060088900001499,0.22675342699999998,1.639749720583194,0.03135668572515889,31.891125508766844,75.76454041420067,0.09544599571865948,0.1323040709481061
Parallel,3072,6,64,790.374354,21.543914,850180018,16007704,9663676418,6441287539,3113.594459,3.9393920655983226,0.790374354,17.027757110381557,0.036686664920775304,27.257860646627208,73.36024784022787,0.2936728628142143,0.13198914236515968
Parallel,4096,6,64,1994.748477,52.150258,2027623526,32196594,22906667010,15270415292,7472.435349,3.7460539186565325,1.9947484770000001,104.02664772065708,0.038250021255887175,26.143776321329156,68.90039273457732,0.7568934795610919,0.13278116457397524
Parallel,5120,6,64,3908.683587,99.019568,3926195859,61375620,44739592194,29823023929,14639.75145,3.7454429667038687,3.908683587,387.03616023343045,0.03947385012828979,25.333226851447364,68.67669127600837,1.4418220528715493,0.13164982425481525
Parallel,6144,6,64,6716.459177,167.042646,6790078834,117924454,77309411330,51530162963,25542.947952,3.803037773157301,6.716459177,1121.9351126770623,0.040208050685451906,24.870641151519948,69.0626497897048,2.418711800208122,0.13176901534108196
Parallel,7168,6,64,10840.626322,268.077872,10715825880,167101278,122764656642,81828614203,41376.450127,3.816795164595841,10.840626322,2906.132035548947,0.040438348160268894,24.72900218467654,67.94689433849116,3.945402871020359,0.13095450759334912
Parallel,8192,6,64,16715.740467,405.865943,16175518851,270962853,183252287490,122147847143,62302.208832,3.7271581809370766,16.715740467,6784.3497675822155,0.04118537353354627,24.280464499987623,65.77702196002873,6.170330168590422,0.13242573839277838
Parallel,1024,7,64,22.520427,1.487121,29729645,478051,307232770,204871806,113.591071,5.04391284410371,0.022520427000000003,0.033490599920667004,0.015143641304238191,66.03431631203084,95.35714611450305,0.015595275871766267,0.14511340325666872
Parallel,2048,7,64,204.82166,7.43234,218160749,2946482,2454716418,1636654107,920.639072,4.494832587530049,0.20482166000000002,1.5223042164844,0.02755816606882893,36.28688489293564,83.87720900221196,0.08860976764026565,0.13329679623013954
Parallel,3072,7,64,713.867922,22.020041,730289276,10544944,8283226114,5521145746,3113.594459,4.361583372841341,0.713867922,15.719400911024803,0.032419009664877554,30.8460995674211,81.22238961733316,0.2711080171827503,0.1322713272927246
Parallel,4096,7,64,1748.535355,50.734681,1734752012,25863303,19634585602,13089428427,7472.435349,4.273539752932248,1.748535355,88.71138345314677,0.03446430174657056,29.015530543847653,78.60233027544359,0.6454602659006687,0.13253076875546904
Parallel,5120,7,64,3424.343974,96.382695,3353287507,50081120,38347997186,25562743510,14639.75145,4.275198858863236,3.4243439739999997,330.0475008211299,0.03552861822342693,28.146324005942287,78.39033053868087,1.229522752840556,0.1311787017574312
Parallel,6144,7,64,6000.444219,164.633438,5835546606,91640095,66265284610,44170847861,25542.947952,4.256842830255797,6.000444219,987.873761301195,0.03644729947873651,27.436875003137164,77.3036880335009,2.1296970712270964,0.13211307657855512
Parallel,7168,7,64,9503.143774,250.766603,9200549517,152772236,105226698754,70140349478,41376.450127,4.35397496986243,9.503143774,2383.07108202658,0.03789636921468366,26.38775219691841,77.50981241378828,3.2352884775578548,0.13117341994262255
Parallel,8192,7,64,14654.564949,388.454719,13836744112,215683149,157073539074,104698555985,62302.208832,4.251385766061338,14.654564949,5692.634909331045,0.03772528491023428,26.507420749225822,75.0286092833502,5.177421289164199,0.1321579269343731
Parallel,1024,8,64,21.797057,1.363287,25832359,425108,268435458,179449601,113.591071,5.211303113076229,0.021797056999999998,0.029715644446358994,0.0159886047472029,62.54454443092937,98.52172465301165,0.013837425246070604,0.14395328190225398
Parallel,2048,8,64,180.815445,7.043337,192406217,3296315,2147483650,1431401983,920.639072,5.0915953114514085,0.18081544500000002,1.2735441139399652,0.025671843474194125,38.953182345678485,95.01328376013453,0.0741300239425598,0.13441801763942365
Parallel,3072,8,64,614.035405,20.188119,642018387,12242015,7247757314,4830979026,3113.594459,5.070708355978268,0.614035405,12.396219826353194,0.030415681867141758,32.87777681158304,94.42787504411085,0.21379406229960551,0.13289612385909788
Parallel,4096,8,64,1559.108067,47.6753,1527837226,25558833,17179869186,11451151474,7472.435349,4.792762931038058,1.559108067,74.3309448266451,0.032702637780989315,30.578573101565514,88.15229449518331,0.5408288039808765,0.13342214793586268
Parallel,5120,8,64,3073.984426,90.315596,2936079763,49685071,33554432002,22367620634,14639.75145,4.7624676710056955,3.073984426,277.6287355289079,0.03403603100842074,29.38062900908139,87.32492387715175,1.034247635040089,0.13126473356477616
Parallel,6144,8,64,5420.317042,155.529615,5117216810,89084996,57982058498,38649712014,25542.947952,4.712445370644797,5.420317042,843.0198227201988,0.034850706998792474,28.693822482127793,85.57736832988745,1.8174152586751386,0.13239986906361428
Parallel,7168,8,64,8745.314237,245.132679,8154792689,134461453,92073361410,61370969952,41376.450127,4.731270827518464,8.745314237,2143.762307612651,0.035675840009075255,28.03017391449281,84.22646360123011,2.91039975464932,0.13287703771633555
Parallel,8192,8,64,13265.797619,365.827059,12167684559,200709384,137438953474,91609138775,62302.208832,4.69645404078586,13.265797619,4852.987728247973,0.03626248330362025,27.576710387624374,82.88319024264469,4.41376662661057,0.13282173287192328
Parallel,1024,8,128,27.65337,1.367636,20746439,313944,268435458,148109404,113.591071,4.107675520198804,0.02765337,0.03781974433332,0.020219831885092233,49.456395368810384,77.65721313532492,0.017611190831903368,0.1400750961093598
Parallel,2048,8,128,162.560485,6.839506,161863763,4118590,2147483650,1184092339,920.639072,5.663363221388027,0.162560485,1.1118334125204101,0.023767869346119443,42.07360724840357,105.6829350872077,0.06471722226825136,0.13669859830078673
Parallel,3072,8,128,566.265,19.430163,538960990,9152659,7247757314,3996287894,3113.594459,5.498475906157012,0.566265,11.002621251195,0.02914360522863344,34.31284469285582,102.39385887526159,0.18975906576262785,0.13486540617085982
Parallel,4096,8,128,1377.860447,44.15772,1272327244,22150059,17179869186,9472674104,7472.435349,5.423216382522373,1.377860447,60.84317581770084,0.03120316101012462,32.04803512296481,99.74809406224287,0.4426923683619013,0.13431553012709874
Parallel,5120,8,128,2725.64784,83.896754,2483525573,43755709,33554432002,18503400626,14639.75145,5.371108928730866,2.72564784,228.67300632311137,0.03248812033895852,30.780481898204428,98.48501044801151,0.8518733319756067,0.13421995357492725
Parallel,6144,8,128,4771.392698,142.330209,4290071230,75305930,57982058498,31972340871,25542.947952,5.353352693587075,4.771392698,679.1133199274138,0.033523401191661285,29.82990879364422,97.2161583267779,1.4640591795612599,0.1341807047319216
Parallel,7168,8,128,7670.35603,223.029466,6812607444,113071102,92073361410,50767558193,41376.450127,5.3943324097564735,7.67035603,1710.7154094007801,0.034391671053904595,29.076807533795797,96.03033918935311,2.322489620287911,0.134192143299485
Parallel,8192,8,128,11709.3088,332.219712,10193578071,204157603,137438953474,75781302048,62302.208832,5.320741804332634,11.7093088,3890.063197255066,0.03524567741483082,28.37227351968034,93.90064320244078,3.53799186746534,0.13451310277756076
Parallel,1024,8,256,43.012529,1.560283,19980732,6780034,268435458,133008948,113.591071,2.640883334248958,0.043012529,0.067111717785707,0.027567133013690463,36.275081616335555,49.92693287111762,0.03125132889752603,0.1502209610739873
Parallel,2048,8,256,265.540402,9.086734,159936034,58157474,2147483650,1061939978,920.639072,3.467039535475284,0.26554040199999995,2.4128949992270674,0.029222865113031807,34.21977948199386,64.69775994388984,0.14044897393481034,0.15060741408494183
Parallel,3072,8,256,826.815718,28.621002,538870617,193092328,7247757314,3583876167,3113.594459,3.7657659272994133,0.826815718,23.664294318509437,0.028888426687507306,34.615938445427574,70.12694271978027,0.408131324280975,0.1503597200042431
Parallel,4096,8,256,1977.818798,66.324695,1287499820,479168077,17179869186,8491816034,7472.435349,3.7781192880542136,1.977818798,131.1782285426166,0.029820247164348057,33.53426262662107,69.49016442304034,0.9544472307797449,0.151616546430709
Parallel,5120,8,256,4494.169235,149.953106,2575436236,975274168,33554432002,16587670379,14639.75145,3.2574989246038037,4.494169235,673.9146356778939,0.029970497810162068,33.36614581226378,59.72971687613806,2.5105276542823534,0.15526208184486856
Parallel,6144,8,256,6853.807075,218.587313,4327653854,1575053700,57982058498,28661958434,25542.947952,3.7268262255543574,6.853807075,1498.1552723446393,0.03135500858185671,31.89283132834608,67.67865842911839,3.2297820032725997,0.15098946793762558
Parallel,7168,8,256,10835.153107,336.933778,6823628769,2482554089,92073361410,45512888374,41376.450127,3.818723161398516,10.835153107,3650.7290715499485,0.03215810884654016,31.09635596956406,67.98121669255707,4.956277548308271,0.149927394476201
Parallel,8192,8,256,18955.579573,571.943475,10885337067,4338699948,137438953474,67936569586,62302.208832,3.2867477669077547,18.955579572999998,10841.520051620635,0.03314240025729815,30.172829735824408,58.00464309422254,9.86030504611393,0.1602279469413067
Parallel,1024,9,64,32.45714,1.540326,21452904,473149,239075330,159403692,113.591071,3.4997252068420073,0.03245714,0.04999457662764001,0.021071604322721295,47.45723129024923,66.16367455666149,0.023280538910832257,0.13458222786960292
Parallel,2048,9,64,234.942977,7.73016,161995952,3545937,1908932610,1272397280,920.639072,3.9185639160433383,0.23494297700000003,1.8161468030863201,0.030393028992931587,32.902281645984246,73.12356982690314,0.10571365728312639,0.127315544088557
Parallel,3072,9,64,803.859747,21.958947,568936910,9225499,6442450946,4296287761,3113.594459,3.8733055991669154,0.803859747,17.651913579806408,0.036607390463668406,27.316888402424258,72.12957075209788,0.3044375111488006,0.1324252335154512
Parallel,4096,9,64,1940.213425,51.579181,1351071520,19892553,15271460866,10181213038,7472.435349,3.8513471006417763,1.9402134249999998,100.07461942670491,0.03761621234350347,26.58428208742036,70.83702839134824,0.7281386892042422,0.13270241129002097
Parallel,5120,9,64,3807.235816,98.500445,2633115429,38474320,29826220034,19882602819,14639.75145,3.8452442027562603,3.807235816,375.01442209593813,0.038651965643403945,25.871905434921974,70.50665337615641,1.3970375884172996,0.13243313528768832
Parallel,6144,9,64,6724.520177,168.782898,4468775496,84989098,51539607554,34355535855,25542.947952,3.7984788921245283,6.7245201770000005,1134.984003133533,0.03984124136202473,25.099619535277956,68.97986112890801,2.4468431109854265,0.1300743936831836
Parallel,7168,9,64,10549.75028,266.605918,6875307903,136507192,81843453954,54554387738,41376.450127,3.9220312357004903,10.54975028,2812.6258580701565,0.03957057802445331,25.271301303257008,69.82031533584319,3.8184576611777956,0.12602667151208785
Parallel,8192,9,64,16091.295174,398.281192,10514972794,209771354,122168016898,81432489755,62302.208832,3.871795785131497,16.091295174000003,6408.860222724568,0.04040184547303455,24.751344605469352,68.32959161376701,5.828824416971263,0.1291250313681386
Parallel,1024,10,64,29.410435,1.518277,19891412,428004,214958082,144347701,113.591071,3.862271027273143,0.029410435,0.044653187020495,0.01937092836155721,51.62375190982385,73.01774516425887,0.020793260550356938,0.13780207001703476
Parallel,2048,10,64,214.855485,7.118575,145629756,2975095,1718091778,1146018675,920.639072,4.284922360720743,0.21485548499999998,1.529464884133875,0.03018237287659398,33.13192120741065,79.96011451138891,0.0890265733547203,0.12707450513404592
Parallel,3072,10,64,753.319662,21.144155,514161743,7938122,5798625282,3867149528,3113.594459,4.133164997623545,0.753319662,15.928307697875612,0.03562779699638032,28.06797176097071,76.96873109891031,0.2747109728602418,0.13295626126614052
Parallel,4096,10,64,1826.986554,49.61363,1166965985,26415609,13744209922,9163233345,7472.435349,4.090033028781667,1.826986554,90.64343490513103,0.0368242870759507,27.155990771456985,75.22712916036053,0.6595177903737277,0.1273530795367953
Parallel,5120,10,64,3560.732361,95.456642,2365492299,38132772,26843545602,17894518517,14639.75145,4.111443929441683,3.560732361,339.8955542417918,0.03730209115254651,26.808148527397847,75.3877092645661,1.266209610707282,0.13219088833000758
Parallel,6144,10,64,6290.35766,163.777968,4080019523,61311008,46385856514,30920331503,25542.947952,4.060651131878565,6.29035766,1030.2219955480348,0.0384078379822126,26.03635227953,73.74087341927073,2.220993058609472,0.13195264489981753
Parallel,7168,10,64,9911.110391,260.432043,6458024027,98776642,73658793986,49098947788,41376.450127,4.17475423990563,9.911110391,2581.170727526659,0.038056416855739975,26.276777548203988,74.31931057219117,3.504231147933288,0.13153080295904773
Parallel,8192,10,64,15083.730665,395.995818,9664187460,149178814,109951582210,73289692363,62302.208832,4.130424376813148,15.083730665,5973.094263178358,0.03809063121217103,26.25317481429585,72.89387832462998,5.43249758555099,0.13186284658057762
Parallel,1024,11,64,28.035659,1.567851,18084321,404312,195559426,130402650,113.591071,4.051664025447021,0.028035658999999997,0.043955735998809,0.01788158377294781,55.92345805033512,76.59829390848277,0.020468484609764533,0.13868062497196185
Parallel,2048,11,64,225.894563,7.363755,127964511,3067695,1561853954,1041138025,920.639072,4.075525589343202,0.225894563,1.663432217764065,0.03067654518652508,32.598194937520475,76.05260151391957,0.09682449848414777,0.12290830603367887
Parallel,3072,11,64,710.523496,21.736501,467578809,6734413,5271191554,3515591675,3113.594459,4.382113296081625,0.710523496,15.444294681327495,0.03268803456453272,30.592233926631472,81.60470247981779,0.2663633386247049,0.1330014552955727
Parallel,4096,11,64,1727.427588,49.365001,1063085148,21294544,12494831618,8330467559,7472.435349,4.325758949844907,1.727427588,85.27446460904758,0.03499296167339286,28.577175299807703,79.56278713316462,0.6204533900676149,0.12761410334663306
Parallel,5120,11,64,3340.623965,94.361652,2056386264,41221330,24403509250,16268127580,14639.75145,4.382340426034751,3.3406239650000003,315.22679604819024,0.03540234718442615,28.246714682237513,80.35488543829564,1.1743113251335557,0.1264058358214572
Parallel,6144,11,64,5866.615695,164.83904,3557175199,71488428,42169008130,28109617594,25542.947952,4.353949411373536,5.866615695,967.0472992127329,0.0355899651866451,28.09780776001555,79.06713036671819,2.0847985659207113,0.12654655251373037
Parallel,7168,11,64,9415.393522,255.890728,5853346675,88367303,66962587650,44635630705,41376.450127,4.394553454438183,9.415393522,2409.3119027510643,0.036794586484587284,27.177911088058714,78.23219385816341,3.270913359069735,0.13113619282508132
Parallel,8192,11,64,14204.63506,380.707088,8459458446,175796041,99956031490,66627221274,62302.208832,4.386047833600591,14.204635060000001,5407.805249795306,0.037311191484829934,26.80160992464103,77.40513030652967,4.918370222908657,0.1269670006379381
Parallel,1024,12,64,26.332419,1.568995,16632051,383772,179306498,119781034,113.591071,4.313734754106715,0.026332419000000003,0.041315433748905,0.01678298464940934,59.58415746004952,81.5528435879742,0.01923899806519272,0.13885379383183485
Parallel,2048,12,64,206.229977,7.551841,128712724,1822381,1431830530,956487744,920.639072,4.4641379754408845,0.20622997699999998,1.5574159957376568,0.02730856979112775,36.6185416390751,83.30442273190964,0.09065354218110773,0.13456808496230976
Parallel,3072,12,64,723.666817,21.815171,424136932,5715900,4831838210,3220650342,3113.594459,4.302524844109302,0.723666817,15.786915359880707,0.03317264013195221,30.145324460828498,80.1225883706645,0.2722724195963101,0.13169294613230634
Parallel,4096,12,64,1614.531863,48.625186,968924261,19761957,11453595650,7636437766,7472.435349,4.628236531123822,1.6145318629999998,78.50691214130151,0.03320361310288869,30.11720432054428,85.12619454695768,0.5712129651605319,0.12688170724234513
Parallel,5120,12,64,3173.03128,93.813355,1944135593,34296843,22369796098,14910468235,14639.75145,4.613806218134729,3.17303128,297.6727098967444,0.03382280998265119,29.565846259164516,84.59905759265001,1.1089172582952098,0.13038729316604858
Parallel,6144,12,64,5485.806087,156.274084,3403110609,51277390,38654705666,25766379218,25542.947952,4.656188634252029,5.485806087,857.2893212475493,0.03510374814930926,28.486986510575136,84.55575363249255,1.8481780042931102,0.13207562382776075
Parallel,7168,12,64,8940.02658,248.329809,5396722136,77482850,61382590466,40916319248,41376.450127,4.628224508813485,8.94002658,2220.075093066323,0.03600061795239411,27.777300970843424,82.39202475212328,3.0140029905455195,0.1318965692708
Parallel,8192,12,64,13380.913195,368.077538,7761674898,167170829,91626143746,61074983455,62302.208832,4.65605059416126,13.380913195,4925.213585007314,0.036353517434687906,27.507654570058662,82.17014875986571,4.479455660664202,0.1270843553108581
Parallel,1024,12,128,31.924524,1.944495,14557293,1798933,180355074,101522602,113.591071,3.5581132235518997,0.031924524,0.062077077295380007,0.016417899763177587,60.90913054803887,67.26752286110828,0.02890689172566869,0.14338967592654886
Parallel,2048,12,128,183.428465,6.953635,87216155,4975089,1073741826,603080003,920.639072,5.019063273521915,0.18342846499999998,1.275494594220275,0.026378788216522724,37.90924707351174,93.65977730882719,0.07424355683733447,0.1446178857964886
Parallel,3072,12,128,598.661776,20.403028,359468154,5907379,4831838210,2666295189,3113.594459,5.2009241007563505,0.598661776,12.214512978257728,0.029341810245028337,34.08106015440678,96.85278202228164,0.21066021619602154,0.1348193386400023
Parallel,4096,12,128,1545.88528,50.298149,851484154,87091932,11454644226,6316356223,7472.435349,4.83375800628621,1.54588528,77.75516815034672,0.030734436768239722,32.53679276899512,88.90630841119076,0.5657433077456279,0.13480622750494292
Parallel,5120,12,128,2876.631298,95.140526,1660798568,145568294,22372417538,12337846465,14639.75145,5.089199808184803,2.876631298,273.68421479978275,0.0302356043101969,33.073590649641886,93.31590606923864,1.019553150235797,0.13461008553732234
Parallel,6144,12,128,4793.492526,149.313385,2915509545,49881883,38654705666,21315598724,25542.947952,5.32867169677527,4.793492526,715.7325950292606,0.03210356878587944,31.149184898092823,96.76795477452676,1.5430044517103438,0.13677821499413587
Parallel,7168,12,128,8099.007575,247.307462,4572242811,404771204,61383639042,33847912415,41376.450127,5.1088296613921855,8.099007575,2002.9450080920244,0.032748739198981386,30.53552669383693,90.94779631243894,2.719224346573593,0.13508197359237348
Parallel,8192,12,128,12351.519472,372.397383,6834565174,626083763,91628765186,50523097650,62302.208832,5.044092669993727,12.351519472,4599.673527446342,0.03316757860245221,30.14992478004005,89.01832930503112,4.1833787030976435,0.13527605178420804
Parallel,1024,12,256,63.756813,1.671423,14216404,3965544,201326594,99564208,113.591071,1.7816303176885582,0.063756813,0.106564603654899,0.03814522894563494,26.21559832358622,33.682418347981105,0.04962301051937928,0.14278629123429576
Parallel,2048,12,256,299.130986,9.261987,102391716,31657915,1442840578,713790182,920.639072,3.0777121565065815,0.299130986,2.770547303629182,0.03229663202939067,30.962980879553548,57.43259638103824,0.16126707799436885,0.1434479187050516
Parallel,3072,12,256,805.100044,25.469066,352270944,129581287,4831838210,2390429853,3113.594459,3.8673385776140883,0.805100044,20.505146157238904,0.03161089786331387,31.634659803844205,72.01845153047837,0.35364639837085965,0.14736719571917092
Parallel,4096,12,256,2142.08358,69.974272,846851648,312843396,11475615746,5673851580,7472.435349,3.488395793127736,2.14208358,149.89073907365375,0.030612445385641167,32.66645272543474,64.16134027412693,1.0905986642585324,0.1492551639850967
Parallel,5120,12,256,4110.288607,127.571925,1591108014,518623587,22380806146,11064679843,14639.75145,3.5617332138351223,4.110288607,524.3574299005585,0.03221938217989578,31.037218355601468,65.30817703234823,1.9533836465349736,0.14380063739545113
Parallel,6144,12,256,6574.990485,199.552058,2811262365,676744784,38654705666,19108677446,25542.947952,3.88486462608166,6.574990485,1312.052882612168,0.03294874806552985,30.35016681092581,70.5486143327856,2.828575158949131,0.14711967235537166
Parallel,7168,12,256,11293.644485,354.014865,4366449514,1499641807,61404610562,30353689870,41376.450127,3.663693343805482,11.293644485000002,3998.11802771527,0.031901610925292645,31.346379414563263,65.22136341747965,5.427897339924701,0.14385234654174847
Parallel,8192,12,256,19297.61714,597.420597,6563618353,2705410456,91637153794,45297284601,62302.208832,3.22849232524467,19.29761714,11528.793952456233,0.03230155980042315,30.958257315700898,56.97654895934991,10.48537701759072,0.144900923108647
Parallel,1024,13,64,26.32281,1.615197,15977696,325975,165675010,111415522,113.591071,4.31530945974233,0.026322810000000002,0.042516523743570005,0.016296965633294268,61.36111608145178,81.58261401423327,0.01979829917828087,0.14340637384439128
Parallel,2048,13,64,206.706756,7.565832,116581888,2340820,1321730050,883101023,920.639072,4.453841228101901,0.20670675600000002,1.5639085891609923,0.02732108722477581,36.601764482240725,83.11227710428582,0.09103146085754225,0.13201421464099017
Parallel,3072,13,64,692.950093,22.042638,385845887,7370807,4460642306,2975325080,3113.594459,4.4932448822111635,0.692950093,15.274448052065335,0.03143680411573243,31.80984925562309,83.6742199499207,0.2634340423274049,0.12968192605024523
Parallel,4096,13,64,1709.774687,49.676554,878446195,20082057,10572267522,7048993860,7472.435349,4.370421088705707,1.7097746870000001,84.93571456658862,0.03441814194680251,29.05444464566459,80.38424858959208,0.6179886591168805,0.12462008230490926
Parallel,5120,13,64,3342.143485,95.180838,1822768203,26269616,20649082882,13765635675,14639.75145,4.380347975993616,3.3421434850000002,318.10801761854043,0.03511361693411441,28.478980159644458,80.31835174186125,1.1850447118973004,0.1324143865226914
Parallel,6144,13,64,5836.182002,165.220231,2955857155,67400482,35681468418,23785386573,25542.947952,4.376653768379172,5.836182001999999,964.2553385284824,0.03532365235586675,28.30964334960437,79.47943840837061,2.078779547372838,0.1242719829643359
Parallel,7168,13,64,9336.573137,255.492463,5022128151,74065713,56660852738,37769069960,41376.450127,4.431652761657149,9.336573137,2385.4240667517665,0.036543438610163625,27.36469358200669,78.89263870755453,3.238482920403761,0.13296933592272125
Parallel,8192,13,64,14188.767982,383.499638,7460874227,112249182,84578140162,56377173726,62302.208832,4.390952682504722,14.188767982,5441.38738476299,0.0369981261416471,27.02839587528044,77.49169125683432,4.94891299673599,0.13233856424340756
Parallel,1024,14,64,23.088047,1.454316,14086940,316392,153616386,102518811,113.591071,4.91990816720011,0.023088047,0.033577316160852,0.01587553667841102,62.98999651204798,93.01278917181692,0.0156356562678013,0.1374083435282916
Parallel,2048,14,64,196.559499,7.436139,102532205,2408801,1227358210,820198109,920.639072,4.683767900731168,0.196559499,1.461643756334361,0.02643300495055297,37.83149142031543,87.40289465227015,0.08507886414499727,0.12500907265564057
Parallel,3072,14,64,671.692004,21.229798,342431006,7815734,4141875202,2760890742,3113.594459,4.635449641291249,0.671692004,14.25988556313519,0.03163911422991401,31.606447409786348,86.32238905735134,0.2459361728959474,0.12402917681267664
Parallel,4096,14,64,1636.760648,48.245643,816575791,19218103,9817292802,6545769890,7472.435349,4.565380624302498,1.6367606479999999,78.96656989985667,0.03392556397268868,29.47629701322096,83.9700988901097,0.5745574155288097,0.12474862464192123
Parallel,5120,14,64,3181.569038,92.570194,1581165873,36085050,19174260738,12782602900,14639.75145,4.601425043789981,3.181569038,294.5184630720534,0.034369259699293706,29.095767809643863,84.37203555662714,1.097166773200234,0.12369670601282623
Parallel,6144,14,64,5687.865938,159.066695,2733799090,64960948,33132904450,22084556281,25542.947952,4.49077883171444,5.687865938,904.750036360735,0.035757742612304855,27.965971197966027,81.55193406880892,1.9504956788123322,0.12378782055729906
Parallel,7168,14,64,9023.382925,242.868604,4592257498,66894415,52613349378,35071232733,41376.450127,4.585469825553258,9.023382925,2191.4964143521865,0.03715335278577218,26.91547128373697,81.6309024438304,2.97520420244179,0.13094086349804726
Parallel,8192,14,64,13703.621066,372.133374,6597270146,148622232,78536769538,52350338923,62302.208832,4.546404817525038,13.703621066,5099.574743308057,0.03682448827070264,27.155842401633436,80.23511614050639,4.638036210333718,0.12602153647378783
Parallel,1024,15,64,22.599207,1.461304,13054434,286716,143654914,96186463,113.591071,5.026329950427022,0.022599207,0.033024311585928,0.015465096242807794,64.6617379096532,95.02473462896286,0.015378143445555121,0.13572007528751734
Parallel,2048,15,64,196.327299,7.189997,94660817,2250845,1145569282,763923811,920.639072,4.689307481380875,0.196327299,1.4115926908281031,0.027305616261035993,36.622502507916636,87.50626770452335,0.08216550869565126,0.12391395010463943
Parallel,3072,15,64,681.576962,21.124838,314870523,7869704,3865575426,2578686906,3113.594459,4.568221393316401,0.681576962,14.398202906782155,0.032264245624037444,30.994061093279736,85.07044945571386,0.24832169261074857,0.12210498384560378
Parallel,4096,15,64,1665.77918,50.015708,752522886,17921671,9162981378,6109642549,7472.435349,4.485849888578869,1.66577918,83.31512505935943,0.03330512046335523,30.025413092268327,82.50730656388681,0.6061973185522906,0.12316970755075839
Parallel,5120,15,64,3223.915027,91.957098,1544380077,29777985,17896046594,11928542882,14639.75145,4.540985518350636,3.223915027,296.4618700815116,0.035058903522597024,28.523424851420565,83.26381239948233,1.1044065284785316,0.12946929832732942
Parallel,6144,15,64,5640.689375,159.754007,2726832372,41205496,30924079106,20614374342,25542.947952,4.5283379838656685,5.640689375,901.1227298985756,0.035308594012292915,28.321716793703075,82.23400317412444,1.9426757890131248,0.13227820193622444
Parallel,7168,15,64,9075.970924,261.649051,4056989359,91855643,49105862658,32733339096,41376.450127,4.558900692110679,9.075970924,2374.719179168193,0.034687574402859196,28.828766992643132,81.15791659448908,3.2239498249732907,0.12394058996247537
Parallel,8192,15,64,13647.754952,384.722871,6188022481,144930482,73301229570,48860621218,62302.208832,4.565015202216095,13.647754952,5250.603467837907,0.03547424907837101,28.189462102235435,80.5635528805324,4.77539603510914,0.126646414366921
Parallel,1024,16,32,26.741473,1.704273,10899816,228783,134217730,122833422,113.591071,4.2477492171055795,0.026741472999999998,0.045574770414128996,0.015690838850348506,63.73145563073508,80.30536118934062,0.021222406259797977,0.08873656552530142
Parallel,2048,16,32,221.085,8.987145,97727551,1531193,1073741826,967855370,920.639072,4.16418604609087,0.221085,1.986922952325,0.024600137195961564,40.65017979510143,77.70707729606261,0.11565413747011916,0.10097330038061368
Parallel,3072,16,32,873.32737,25.228371,361677334,10436546,3623878658,2903493278,3113.594459,3.5652088391550123,0.8733273699999999,22.032626894814268,0.03461687518389515,28.887644961819987,66.39212337522413,0.37999042231890107,0.12456627220061366
Parallel,4096,16,32,2089.43671,60.095006,863721248,17774913,8589934594,6774804330,7472.435349,3.576291788708929,2.0894367099999998,125.56471162407024,0.03476889094578008,28.761343051161383,65.7779930898218,0.9136035196139001,0.12749021313800807
Parallel,5120,16,32,4201.548129,117.715455,1622025667,50869929,16777216002,13201110077,14639.75145,3.484370760613986,4.201548129,494.5871497096337,0.03569240869009086,28.017162099727553,63.88965394617285,1.8424807105572287,0.1228703993481593
Parallel,6144,16,32,7381.186935,199.989047,2907544118,65346252,28991029250,22804780134,25542.947952,3.460547494181571,7.381186935,1476.1565408595009,0.03690795593920701,27.09442922407167,62.84307280831656,3.1823562735387716,0.12749713441284607
Parallel,7168,16,32,11723.780009,313.156687,4496733420,128199425,46036680706,36500644320,41376.450127,3.5292755489472265,11.723780009,3671.38010673527,0.03743742508362915,26.711238760843244,62.82844702805272,4.984313663843647,0.12319600116034335
Parallel,8192,16,32,17795.191632,460.754554,6887167663,164361321,68719476738,54035886506,62302.208832,3.5010698463041985,17.795191631999998,8199.21558374669,0.03862184644191276,25.89208160992509,61.78700687880291,7.457143132111643,0.12745543949270208
Parallel,1024,16,64,22.020905,1.403172,12887139,142763,134217730,89840912,113.591071,5.1583289151830956,0.022020905,0.03089911731066,0.015693660506338494,63.71999697560114,97.52022671184496,0.014388522743554786,0.14344399130765725
Parallel,2048,16,64,187.04365,5.904907,100463508,1319269,1073741826,666317903,920.639072,4.92205467547281,0.18704365,1.10447535819055,0.031675968817121085,31.569673709853287,91.84951846266901,0.06428892713683598,0.150774138812236
Parallel,3072,16,64,648.950106,21.676262,318519878,4222106,3623878658,2416774357,3113.594459,4.79789498485728,0.648950106,14.066812522583774,0.02993828483896347,33.402047090504674,89.34748289570354,0.2426062973178884,0.13179545582210925
Parallel,4096,16,64,1582.940082,49.858398,702859739,15852076,8589997834,5727681517,7472.435349,4.720605305261327,1.5829400820000001,78.92285661850865,0.031748715271597776,31.49733749682131,86.82511425091324,0.5742393595465448,0.12271278298450825
Parallel,5120,16,64,3088.725304,94.690309,1364111215,33457328,16777216002,11184866882,14639.75145,4.739738891976261,3.088725304,292.4723534518789,0.032619233547965296,30.65675956271442,86.9081674736071,1.0895444208826086,0.12196043362798424
Parallel,6144,16,64,5538.732474,165.354684,2553657327,35036627,28991029250,19324109459,25542.947952,4.611695558849264,5.538732474000001,915.8553579988082,0.03349607244267722,29.85424639594174,83.74776542204229,1.9744369675621085,0.1321487715859869
Parallel,7168,16,64,8879.153093,260.477924,4053586941,55457709,46036680706,30685500411,41376.450127,4.659954580535352,8.879153093000001,2312.823364542819,0.03408792943620052,29.33589738478,82.95688603958165,3.13991925728404,0.13210105381064238
Parallel,8192,16,64,13442.504064,385.04776,5853255781,127386225,68719476738,45806681019,62302.208832,4.634717500205175,13.442504064000001,5176.006078634097,0.034911264161100436,28.644050109025873,81.7936615485631,4.7075501048621815,0.12778170456340524
Parallel,1024,16,128,27.427682,1.496474,12218285,2090439,134217742,74623052,113.591071,4.1414754261771005,0.027427682000000002,0.041044812993268,0.01832820483349527,54.56071716158879,78.29621358450926,0.0191129804557506,0.16373338629998677
Parallel,2048,16,128,161.05229,5.319274,84895110,1366651,1073741826,585247302,920.639072,5.716398518766794,0.16105229,0.8566812588374599,0.030277118644386432,33.02824194551968,106.67261660172606,0.04986541222533328,0.14505852433643512
Parallel,3072,16,128,658.10813,19.444566,290330920,15519403,3623878658,2047655460,3113.594459,4.73112900003226,0.65810813,12.79662696892158,0.03384534938964439,29.54615679949129,88.10415166273664,0.22069976990907245,0.14178699770126366
Parallel,4096,16,128,1529.235213,43.195444,685415102,22526164,8589934594,4844496086,7472.435349,4.886387185880214,1.529235213,66.05599400596958,0.03540269693720476,28.246435625335028,89.87430599533285,0.48062061255018906,0.14148326055640043
Parallel,5120,16,128,3128.901248,86.467162,1344247867,117431049,16777216002,9386555225,14639.75145,4.678879354008938,3.128901248,270.5472110928182,0.036186006058577476,27.634992333257557,85.79224293882221,1.0078669007600032,0.14320992470376692
Parallel,6144,16,128,5164.982784,133.465113,2276314782,53043284,28991029250,16134003697,25542.947952,4.945408149495973,5.164982784,689.3450109096146,0.03869912269882842,25.84037906446582,89.80794077473541,1.4861170610154568,0.14108802903170675
Parallel,7168,16,128,8702.392852,215.128248,3607221151,51149907,46036680706,25328214194,41376.450127,4.754606098653749,8.702392852000001,1872.1305276584835,0.0404521160419621,24.72058566633875,84.64187997381849,2.5416288965526723,0.142419087400742
Parallel,8192,16,128,12981.654403,333.528192,5413649719,108718565,68719476738,37548531830,62302.208832,4.799250303382151,12.981654403,4329.7477222014295,0.038922210219038994,25.69227169712076,84.69734239126778,3.9378826133556046,0.14417740069066237
Parallel,1024,16,256,44.535531,1.500731,10889763,4124955,134217742,70066883,113.591071,2.5505718344303565,0.044535530999999996,0.066835851973161,0.029675891948657017,33.69738647553119,48.2195586261226,0.03112286886813165,0.15541954392348237
Parallel,2048,16,256,248.704031,8.41587,75978087,19849307,1073741826,530844034,920.639072,3.7017456785813017,0.248704031,2.09306079337197,0.02955179096159993,33.838896644180245,69.07756627394592,0.1218321729318687,0.14312694903527917
Parallel,3072,16,256,835.025168,27.965869,247386794,66655143,3623878658,1793350434,3113.594459,3.7287432502872773,0.835025168,23.352204459990993,0.02985872414692352,33.491049218291344,69.43749807550711,0.40274879964121985,0.13794671097729247
Parallel,4096,16,256,1885.245789,52.802902,679218011,159057843,8589934594,4414844018,7472.435349,3.9636398567232125,1.885245789,99.54644864247969,0.035703450333089644,28.0084975169251,72.90240576264722,0.7242957409651694,0.15384869957595862
Parallel,5120,16,256,3919.426789,127.61454,1154264976,349461251,16777216002,8294891939,14639.75145,3.735176656721065,3.919426789,500.1758467419121,0.03071301114277417,32.559490678115075,68.4884475335457,1.8633002293926184,0.1391537086303687
Parallel,6144,16,256,6671.79582,185.712213,2230902715,344830268,28991029250,14814742482,25542.947952,3.828496650846248,6.671795820000001,1239.0339664163498,0.035925455371101526,27.835416132383976,69.52497955310628,2.671158110275239,0.1505866684966384
Parallel,7168,16,256,11028.425765,343.767928,3165639740,903047066,46036680706,22757504797,41376.450127,3.751800212348802,11.028425765,3791.2190743358647,0.03208101997519676,31.171078749152734,66.78984897388027,5.147008614055086,0.13910311206074355
Parallel,8192,16,256,16178.208645,471.310374,5175691198,893080774,68719476738,33969346691,62302.208832,3.850995508779952,16.178208645,7624.957567124984,0.0343260185590568,29.13242030326158,67.96250758676007,6.93485850854357,0.15236357781856524
Parallel,1024,16,512,214.808041,6.552029,56832991,27747846,268435470,146205489,113.591071,0.5288026950536735,0.214808041,1.407428514065189,0.03278496493223702,30.50178647641966,9.99722188239685,0.6553849736532146,0.38871995428297496
Parallel,2048,16,512,244.76239,7.176615,78275175,17714222,1073741826,537315161,920.639072,3.761358401509317,0.24476239000000002,1.7565654395098502,0.03410554836785867,29.320742455570887,70.18998786537425,0.1022455654753052,0.1456783293706466
Parallel,3072,16,512,4340.248791,111.207597,284829157,86153418,3758096386,1842097731,3113.594459,0.7173769543940413,4.340248791,482.66863842926523,0.039028347955400916,25.62240146938158,13.35915549731444,8.324448130149829,0.15462217460382943
Parallel,4096,16,512,1839.293535,49.920972,626921698,94105514,8589934594,4256225849,7472.435349,4.06266602192999,1.839293535,91.81932106051602,0.03684410501862824,27.141383933587306,74.72377347969093,0.6680734881994141,0.14729521417367814
Parallel,5120,16,512,16139.025412,410.77432,1279563590,549993980,16911433730,9575404581,14639.75145,0.9071025713309038,16.139025412000002,6629.49718907702,0.039289275463957926,25.452238255636743,16.632693062147833,24.696801562149155,0.13363023767569826
Parallel,6144,16,512,12908.95739,335.035897,2133736038,722173652,28991029250,14835028257,25542.947952,1.9786995324492274,12.90895739,4324.964118493428,0.038530072465637916,25.953753419275944,35.932914948447284,9.32392758785848,0.1438309385756096
Parallel,7168,16,512,85287.76636,1897.869564,3477466426,1070657666,46170898434,22819816433,41376.450127,0.4851393334930339,85.28776635999999,161865.05595618705,0.04493868702981107,22.25254154258285,8.636489413439016,219.75011757054605,0.15238801049123232
Parallel,8192,16,512,16945.216217,410.388826,4971503130,935260965,68719476738,34473308818,62302.208832,3.6766842059823563,16.945216217000002,6954.127389610792,0.04129063742344681,24.21856533103923,64.88625543018645,6.32474201630502,0.14421311154803232
SYCL_CPU,1024,16,32,26.084435,1.643638,935621,107362,13,2447041,113.591071,4.3547453107571625,0.026084435,0.042873368574529995,0.015869939122848217,63.012213988917146,82.32816420980558,0.019964468001634813,0.3823479050820971
SYCL_CPU,2048,16,32,253.223688,7.864003,2176633,251008,2,11121972,920.639072,3.6356751584788545,0.253223688,1.991351842103064,0.032200354959172825,31.0555582777864,67.84463696777057,0.11591193278454384,0.19570567162010477
SYCL_CPU,3072,16,32,914.573859,24.039909,4891090,568234,2,24992069,3113.594459,3.404421008057699,0.914573859,21.986272344138833,0.03804398173886598,26.285366417847726,63.39789610802773,0.3791909586248235,0.1957056856717225
SYCL_CPU,4096,16,32,2423.747604,61.018603,8652565,921072,2,44409743,7472.435349,3.0830088647299596,2.4237476040000003,147.89369282067722,0.03972145353770227,25.17531235484204,56.705142583815,1.0760682403683113,0.194834836130441
SYCL_CPU,5120,16,32,4401.680085,109.500014,14387007,1951815,2,54440518,14639.75145,3.325946267628398,4.401680085,481.98403093102115,0.040197986504367025,24.876867897136144,60.98477190897439,1.7955304344409002,0.26427020771551074
SYCL_CPU,6144,16,32,8008.001646,196.875668,20672326,3046657,2,78381727,25542.947952,3.1896781595641546,8.008001646,1576.5806734013495,0.040675425903824745,24.584868573090198,57.924122455656146,3.398854564447106,0.2637390982722287
SYCL_CPU,7168,16,32,12222.096045,297.356739,28186416,4005755,2,106676604,41376.450127,3.3853808687689786,12.222096045,3634.3226236859973,0.041102468658024936,24.329438903537923,60.26682236434675,4.934003940050326,0.264223034321565
SYCL_CPU,8192,16,32,18851.770187,445.499605,36932070,5633240,2,139324843,62302.208832,3.3048466119623616,18.851770187,8398.456171859276,0.04231601998165633,23.63171206634018,58.32405216430087,7.63835139137816,0.2650788560371821
SYCL_CPU,1024,16,64,21.824036,1.350058,936078,92484,13,2447040,113.591071,5.2048608699142545,0.021824035999999998,0.029463714394087997,0.01616525808520819,61.861059979923056,98.39993152503966,0.013720111173618581,0.3825348175755198
SYCL_CPU,2048,16,64,165.233931,8.415931,2163665,241891,2,11121841,920.639072,5.571731341306647,0.165233931,1.3905973621547612,0.019633470260153035,50.93343085809658,103.97301014402423,0.08094341972346657,0.19454198275267556
SYCL_CPU,3072,16,64,601.967655,25.211053,4871746,546339,2,24992291,3113.594459,5.17236172598011,0.601967655,15.176238454490717,0.023877132581491146,41.88107581959698,96.32088703503513,0.2617402494521245,0.19492994859894996
SYCL_CPU,4096,16,64,1501.763694,58.71016,8659283,975149,2,44409918,7472.435349,4.975773071925123,1.501763694,88.16878675693104,0.02557928123513886,39.09413993330964,91.51836205729981,0.6415123553374072,0.19498534088714148
SYCL_CPU,5120,16,64,2984.944384,110.191079,14422966,2013810,2,54440680,14639.75145,4.904530727095785,2.984944384,328.91424242795034,0.02708880256994307,36.91562214379938,89.92980151954482,1.2253010363427936,0.2649299384210484
SYCL_CPU,6144,16,64,5319.52543,187.945496,20740428,3126950,2,78381708,25542.947952,4.801734344185662,5.31952543,999.7808454259632,0.028303553653661377,35.331252472271764,87.19884397056073,2.1553668310494163,0.26460801287973973
SYCL_CPU,7168,16,64,8525.921444,288.951549,28297263,3897824,2,106676619,41376.450127,4.8530179874127395,8.525921444,2463.5782078961165,0.02950640504785804,33.89094667337636,86.39381632848176,3.344586004875216,0.2652620908429803
SYCL_CPU,8192,16,64,14014.651711,455.056102,37064519,5850086,2,139324575,62302.208832,4.445505326621812,14.014651711,6377.452778495291,0.030797634949635288,32.47002575474849,78.4544382871107,5.800259512848507,0.26603001659972764
SYCL_CPU,1024,16,128,20.043752,1.258754,937049,83223,13,2447039,113.591071,5.66715607936079,0.020043752,0.025230153005008,0.01592348624115594,62.80031802429006,107.1398033661562,0.01174870552728325,0.38293178000023703
SYCL_CPU,2048,16,128,169.673054,6.02749,2178650,239318,2,11122130,920.639072,5.425959221550878,0.16967305400000002,1.0227026362544602,0.028149869016788086,35.52414398104722,101.25278457002369,0.05952912826640882,0.19588424159760764
SYCL_CPU,3072,16,128,657.580586,18.876908,4873561,545445,2,24992072,3113.594459,4.734924548091813,0.657580586,12.413088224508089,0.03483518519028646,28.706607831636926,88.17483321504264,0.21408498674403614,0.1950042797571966
SYCL_CPU,4096,16,128,1579.227687,44.610135,8719484,990551,2,44410000,7472.435349,4.731702344451108,1.5792276870000002,70.44956031280775,0.035400648014178845,28.248070475983237,87.02921979102813,0.5125880147738481,0.1963405539292952
SYCL_CPU,5120,16,128,3299.5044,91.537594,14364464,1946927,2,54440767,14639.75145,4.436954668101064,3.2995044,302.0286941684136,0.03604534766338735,27.742831317333597,81.35629581218319,1.1251445642427116,0.2638549159309236
SYCL_CPU,6144,16,128,5425.917154,144.183126,20671637,3030893,2,78381688,25542.947952,4.707581635884299,5.4259171539999995,782.3256966807432,0.037632123151498324,26.573042290870188,85.48904356677173,1.6865684768994391,0.2637304391811516
SYCL_CPU,7168,16,128,8903.225668,236.94281,28171984,4071315,2,106676701,41376.450127,4.647354977838578,8.903225668,2109.555307840047,0.0375754202796869,26.613142116752197,82.73258689953718,2.8639598842439375,0.2640875067930719
SYCL_CPU,8192,16,128,16621.359036,443.028908,37013814,5472652,2,139324824,62302.208832,3.7483221857527047,16.621359036,7363.742543195013,0.03751754961326361,26.65419277932984,66.15052508008407,6.697284828255773,0.26566560744408335
SYCL_CPU,1024,16,256,45.368703,1.785887,935863,118707,13,2447041,113.591071,2.503731944904839,0.045368702999999996,0.08102337689456099,0.025404016603514105,39.36385397660586,47.33403218513873,0.03772944998674141,0.38244680003318293
SYCL_CPU,2048,16,256,268.20023,8.102287,2171562,254736,2,11121971,920.639072,3.432655788550219,0.26820023,2.17303523692601,0.033101793357850684,30.209843593348154,64.05613143583062,0.12648729822400548,0.1952497448518792
SYCL_CPU,3072,16,256,843.704263,22.717941,4890191,556638,2,24992071,3113.594459,3.690386069555749,0.843704263,19.16722366828248,0.03713823638330604,26.92642670693724,68.7232020018844,0.3305716313884366,0.1956696986016085
SYCL_CPU,4096,16,256,2075.045622,53.25013,8661004,1016464,2,44409746,7472.435349,3.60109448668305,2.075045622,110.49644912743086,0.0389678977685125,25.662149032017762,66.23418396918503,0.8039674803689623,0.1950248488248503
SYCL_CPU,5120,16,256,4272.956761,108.035398,14427060,1960527,2,54440607,14639.75145,3.4261407893521154,4.2729567610000005,461.63058431142593,0.03955145109938874,25.28352240445243,62.82194532134185,1.7197079372086597,0.26500549488729985
SYCL_CPU,6144,16,256,7175.701166,179.630648,20651761,2850867,2,78381841,25542.947952,3.5596448850222364,7.175701166,1288.9758503029357,0.03994697589689705,25.033184053305938,64.64266797589771,2.778824785928948,0.26347634524175056
SYCL_CPU,7168,16,256,11631.278564,288.593855,28094553,4118554,2,106676507,41376.450127,3.557343236113728,11.631278564,3356.7155193636245,0.040303278682077275,24.811877164839608,63.32811025125062,4.557120903419044,0.2633621383947264
SYCL_CPU,8192,16,256,17095.947684,408.351349,37179486,5562217,2,139324664,62302.208832,3.6442676348564333,17.095947684,6981.153299194825,0.04186577986301693,23.88585625950258,64.31416661417529,6.349321937882292,0.26685502001282413
SYCL_GPU,1024,16,8,46.494528,1.36229,2725327,126678,339754,201307721,113.591071,2.443106229619107,0.046494528,0.06333903054912,0.03412968457523728,29.300007089006257,46.187879313453834,0.029494534502327443,0.013538114616080722
SYCL_GPU,2048,16,8,123.668173,3.657486,14657893,55417,2221264,1097455783,920.639072,7.444430120270315,0.12366817299999999,0.452314611393078,0.03381234350589448,29.574998249549626,138.919082955968,0.02632817552617506,0.013356249269497904
SYCL_GPU,3072,16,8,290.885098,10.964914,39332961,113726,6013867,3013047733,3113.594459,10.703863760666074,0.290885098,3.1895300834515723,0.02652871677789721,37.69500079374984,199.32976592702593,0.05500891424321556,0.013054211046579526
SYCL_GPU,4096,16,8,648.000985,38.675939,91681815,193788,14422141,7198027327,7472.435349,11.53151850378746,0.648000985,25.062046567799914,0.016754628375021483,59.68500032449796,212.0968280194821,0.1823503885520034,0.012737075150590076
SYCL_GPU,5120,16,8,1269.22897,90.730833,177664220,297838,28119916,14004108956,14639.75145,11.534365978110317,1.26922897,115.158201715832,0.013988948718237821,71.48500006267585,211.49490150701493,0.42899773164030913,0.012686577957812913
SYCL_GPU,6144,16,8,2179.698126,151.260151,305063935,414384,49282114,24504885337,25542.947952,11.718571322935569,2.179698126,329.70146767317704,0.014410260148424682,69.3949997918198,212.80766471053983,0.7107833789997343,0.012449106812974271
SYCL_GPU,7168,16,8,3461.584663,227.6165,454590107,768970,73651540,36598776645,41376.450127,11.95303716510602,3.461584663,787.9137854457396,0.01520796894337625,65.75500013994602,212.78892847463484,1.069682063026755,0.01242090989568922
SYCL_GPU,8192,16,8,5159.428858,329.713301,707295876,733817,115447996,57305523321,62302.208832,12.075408062928657,5.159428858,1701.1323200458403,0.015648227846288797,63.90499996695564,213.10723687393076,1.5471708320963808,0.012342542830261644
SYCL_GPU,1024,16,16,45.268515,0.769565,2891261,125868,351889,210542609,113.591071,2.5092731891028457,0.045268515,0.034837064745975005,0.05882351068460754,17.000005412150145,47.43879157511573,0.01622227241563378,0.013732426959713414
SYCL_GPU,2048,16,16,120.091786,3.491068,22608581,54731,2109655,1043336990,920.639072,7.666128572690226,0.120091786,0.419248591167448,0.03439972696034566,29.069998176228303,143.0561552644408,0.024403479833123742,0.021669490506609948
SYCL_GPU,3072,16,16,254.884635,6.170757,40194785,111852,5465148,2742109833,3113.594459,12.215700875809953,0.254884635,1.5728311456186952,0.04130524585557332,24.20999994762336,227.4835377817105,0.027126169480981774,0.014658342461806124
SYCL_GPU,4096,16,16,550.641029,24.759574,91328473,188594,12753796,6374394951,7472.435349,13.570429654634399,0.550641029,13.633637304961647,0.022239519508695908,44.96500023793178,249.5980979143492,0.09919776715805088,0.014327394788374795
SYCL_GPU,5120,16,16,1049.867287,67.95266,174736235,287070,24785442,12357998157,14639.75145,13.944382905608144,1.049867287,71.34127479863342,0.015449980721873141,64.72499985610085,255.68513213422943,0.26576695888725455,0.014139525898943699
SYCL_GPU,6144,16,16,1786.680062,123.575726,296436341,545488,42292108,21054128455,25542.947952,14.296318907486638,1.7866800619999998,220.790285791375,0.014458179772296057,69.164999726739,259.61921097880366,0.47598837364192287,0.014079725106341383
SYCL_GPU,7168,16,16,2833.725731,190.950608,464449155,561021,67094542,33361745810,41376.450127,14.60143078575165,2.833725731,541.1016512396944,0.014840097974445831,67.38499986468874,259.93584460415093,0.7346066807015145,0.01392160822893099
SYCL_GPU,8192,16,16,4237.255851,261.820039,689266513,950097,100185493,49770889298,62302.208832,14.703433312221769,4.237255851,1109.398492161798,0.016183848521235607,61.78999999214351,259.4867212270209,1.0089920507760308,0.013848788372517538
SYCL_GPU,1024,16,32,46.299185,0.768103,3435386,125716,369976,219535671,113.591071,2.4534140503769124,0.046299185,0.035562542896055,0.060277313068690004,16.589989651005734,46.38275269856262,0.016560099504913668,0.015648418247256046
SYCL_GPU,2048,16,32,124.915821,2.28471,16222319,128568,2105977,1041533844,920.639072,7.3700758209002215,0.124915821,0.28539642539691,0.0546746943813438,18.289997069306377,137.5315716333482,0.016612258355419036,0.015575412257078801
SYCL_GPU,3072,16,32,265.491153,6.569579,41827082,286258,5327359,2674134044,3113.594459,11.727676887975246,0.265491153,1.7441651034345869,0.04041220190821969,24.745001578263516,218.39544497364102,0.030081117308984662,0.01564135578537962
SYCL_GPU,4096,16,32,580.914495,25.356918,95037818,652708,12579586,6288423749,7472.435349,12.863227571899372,0.580914495,14.73020121472641,0.022909507180643957,43.65000050480751,236.59067669158435,0.10717631968674259,0.015113138330589306
SYCL_GPU,5120,16,32,1102.922829,61.885,181708903,1082979,24339394,12137767877,14639.75145,13.273595454791334,1.1029228290000002,68.254379272665,0.0178221350731195,56.11000005876203,243.3855288346742,0.2542673769319989,0.014970536991757962
SYCL_GPU,6144,16,32,1881.458527,109.584611,307809282,1504024,41789887,20806170101,25542.947952,13.57614190557175,1.881458527,206.178900793928,0.01716900310938732,58.24449990653448,246.54089437072136,0.4444885757379406,0.014794134648798524
SYCL_GPU,7168,16,32,2968.360708,166.435985,481421903,2098412,65759185,32702504987,41376.450127,13.939158410056677,2.968360708,494.04203827127736,0.01783484928454625,56.07000003451063,248.14601853434854,0.6707179344768001,0.01472125463145335
SYCL_GPU,8192,16,32,4410.676635,236.015307,708382513,2805006,97086459,48241032400,62302.208832,14.125317720554229,4.410676635,1040.987200087252,0.018688095662371593,53.51000005920861,249.28411642128918,0.9467723430927908,0.014684232027339449
Sequential,1024,16,32,155.159238,1.696202,196537244,2925255,2147483650,1694817405,113.591071,0.7320935089923554,0.15515923799999998,0.26318140981407595,0.0914745048054418,10.93200779962583,13.840514272182752,0.12255339408948829,0.11596366866435384
Sequential,2048,16,32,1312.589887,14.477156,1571477832,28753621,17179869186,13554324311,920.639072,0.7013912579382839,1.3125898870000001,19.002568558121375,0.09066628051807966,11.029458739079862,13.08852776800344,1.1060950671160463,0.11593922322816701
Sequential,3072,16,32,4559.512543,50.333976,5324753785,93085023,57982058498,45741474345,3113.594459,0.6828788011078403,4.559512542999999,229.49839491106093,0.09058518530306446,11.039332719300297,12.716723103441632,3.958093259605354,0.11640975419459887
Sequential,4096,16,32,10848.653402,121.568374,12615297870,220892311,137438953474,108419106027,7472.435349,0.6887892047157136,10.848653402,1318.8531541707084,0.08923910919463314,11.205849195770998,12.668756976479909,9.595919649078194,0.1163567781757799
Sequential,5120,16,32,20884.750619,236.612871,24560527670,437713629,268435456002,211750084165,14639.75145,0.7009780349822046,20.884750619,4941.600804080617,0.08826548839348641,11.329456373050505,12.853179858216242,18.40889753431312,0.11598827819526124
Sequential,6144,16,32,36330.46405,395.699965,42378814627,762265451,463856467970,365897274606,25542.947952,0.7030724385145859,36.33046405,14375.96335301876,0.0918131596246161,10.891684853114338,12.767700058265564,30.992266672479627,0.11582161871151873
Sequential,7168,16,32,58143.986112,599.915158,67488192685,1198586251,736586891266,581023542419,41376.450127,0.7116204597204344,58.143986112,34881.45861513029,0.0969203483803288,10.317750778978446,12.668324628537638,47.35552455362449,0.11615397270138753
Sequential,8192,16,32,89615.010014,851.030651,101229811416,1778836215,1099511627778,867291835865,62302.208832,0.695220687050829,89.615010014,76265.12031158595,0.10530174196275806,9.49651906379354,12.269279751285305,69.36272285346234,0.11671943310182055
Sequential,1024,16,64,134.930509,2.01337,196282923,1765326,2147483650,1331903200,113.591071,0.8418486807901985,0.134930509,0.27166503890533,0.06701724422237343,14.921532683168046,15.915478744692203,0.12650389173316304,0.1473702615925842
Sequential,2048,16,64,1091.892635,16.132543,1530242267,6882894,17179869186,11308837975,920.639072,0.8431589723104965,1.091892635,17.615004885520804,0.06768261116675778,14.774843682318636,15.734027901012446,1.0253282313654668,0.13531383775971023
Sequential,3072,16,64,3679.733342,54.286743,5143177679,25377386,57982058498,38163024520,3113.594459,0.8461467638053649,3.679733342,199.7607382456851,0.06778327707005742,14.752901353035053,15.757135940857532,3.4452163898159287,0.13476860766904436
Sequential,4096,16,64,9011.287249,121.641017,12202981241,58245420,137438953474,90455452029,7472.435349,0.8292306240519888,9.011287249,1096.1421454474923,0.07408099234323239,13.498739263194471,15.25186687254386,7.975483789396038,0.1349059782166334
Sequential,5120,16,64,17291.859269,235.702807,23818033151,112526675,268435456002,176664914413,14639.75145,0.8466267983250031,17.291859269,4075.7397679522683,0.07336297555845399,13.630853879464338,15.523805267212529,15.183313816607999,0.13482039277657124
Sequential,6144,16,64,30612.261564,350.628825,41071791649,197648778,463856467970,305270207496,25542.947952,0.8344025121632467,30.612261564,10733.541302777983,0.08730674542801779,11.453868714238979,15.152636370829097,23.139790094548076,0.13454241730922323
Sequential,7168,16,64,48430.211767,527.722266,65341893715,314436883,736586891266,484750124487,41376.450127,0.8543520380638437,48.430211767,25557.701096541106,0.09177215912091154,10.896550866613929,15.20924365988226,34.69746936805175,0.13479500141263467
Sequential,8192,16,64,73438.013547,739.463407,97506759599,475105839,1099511627778,723583461791,62302.208832,0.8483645706474191,73.438013547,54304.72370077677,0.0993125729438563,10.06921853253488,14.971968530607347,49.38985848709924,0.13475537342665783
Sequential,1024,16,128,113.591071,2.221611,169088780,3684859,2147483650,1117305765,113.591071,1.0,0.113591071,0.252355172835381,0.05113004526895123,19.557972122650376,18.905391322527453,0.11751203464129055,0.15133617430140084
Sequential,2048,16,128,920.639072,17.929081,1356411721,23953028,17179869186,8938258155,920.639072,1.0,0.9206390720000001,16.506212493652832,0.05134892703089467,19.474603615346012,18.660808243428537,0.9607880197961834,0.1517534733813022
Sequential,3072,16,128,3113.594459,60.381002,4568021410,77713236,57982058498,30166594978,3113.594459,1.0,3.1135944589999998,188.0019532560679,0.05156579645697167,19.392699593701327,18.62222561721228,3.242415984058889,0.15142648394130603
Sequential,4096,16,128,7472.435349,142.31248,10848501603,198237490,137438953474,71505982420,7472.435349,1.0,7.472435349,1063.4208061558554,0.0525072386413335,19.044993145246146,18.392792584066022,7.737404711630774,0.15171460115434632
Sequential,5120,16,128,14639.75145,270.343914,21162483891,369984698,268435456002,139660102656,14639.75145,1.0,14.63975145,3957.7677069801753,0.05415232484205286,18.46642785728442,18.336066491074206,14.743833642379101,0.15152848586346668
Sequential,6144,16,128,25542.947952,453.747561,36588079059,658114027,463856467970,241332638145,25542.947952,1.0,25.542947952,11590.050333969944,0.056293300829445114,17.764103104022173,18.15986427407179,24.986285918879343,0.15160849912483354
Sequential,7168,16,128,41376.450127,499.611599,57417396307,850348867,736586891266,437716284989,41376.450127,1.0,41.376450127,20672.15440889422,0.08281723284610931,12.074781608052474,17.80208038638249,28.06478726959196,0.13117491461036895
Sequential,8192,16,128,62302.208832,983.093935,87240464812,1609308999,1099511627778,572047684814,62302.208832,1.0,62.302208832,61248.92363984263,0.06337360715382706,15.779439500306415,17.648036055043733,55.70557153973153,0.15250558148900828
Sequential,1024,16,256,135.380334,2.152568,151432752,63436467,2147483650,1209178964,113.591071,0.8390514902999131,0.135380334,0.291415374797712,0.06289247726436516,15.900152824264714,15.862596763869707,0.13570085856956987,0.12523601262385176
Sequential,2048,16,256,1125.472421,16.045664,1214198469,515533155,17179869186,9669295673,920.639072,0.81800233823766,1.125472421,18.05895230863254,0.07014184149686795,14.256825578847302,15.264584776529144,1.0511693724333624,0.12557258667665525
Sequential,3072,16,256,4008.082862,45.790692,4095413328,1733943650,57982058498,32629590701,3113.594459,0.7768288646224101,4.008082862,183.5328878443205,0.08753051519728071,11.424587159645403,14.466282382961372,3.165339289514564,0.12551224946485423
Sequential,4096,16,256,9852.837395,100.319565,9743823825,4049893145,137438953474,77339188021,7472.435349,0.7584044117882248,9.852837395,988.4323614821332,0.09821451473598396,10.18179443932658,13.949175040861414,7.191791966631231,0.12598818366640013
Sequential,5120,16,256,18817.723755,193.410698,18933156701,7862375594,268435456002,151047233996,14639.75145,0.7779767436595575,18.817723755,3639.5490862257307,0.0972941204886195,10.27811336366384,14.265033300251037,13.55837690169264,0.12534593451410955
Sequential,6144,16,256,32890.703935,315.070071,32729866153,13585277439,463856467970,261002873991,25542.947952,0.7766008292944734,32.890703935,10362.876424040429,0.10439171143932614,9.579304584743909,14.102965655119235,22.3406961843967,0.12540040518530307
Sequential,7168,16,256,52074.691573,491.289977,51913291924,21450582469,736586891266,414455274817,41376.450127,0.7945596772089786,52.074691572999996,25583.77402518126,0.1059958354757968,9.434332919884772,14.144815245452364,34.732866317073494,0.12525668046310176
Sequential,8192,16,256,93198.016871,958.432155,79222417890,27459856037,1099511627778,618653596871,62302.208832,0.6684928598667027,93.198016871,89323.97615139888,0.09724007733338204,10.2838256346872,11.797586093466867,81.23968305098867,0.12805618247543987
